{
  "commit_note": "pre-flip index-3 baseline",
  "tol": 0.0001,
  "values": {
    "vacuum.frob2": 1941777.3804261638,
    "vacuum.trM": 285993.6007102728,
    "vacuum.trM2": 1941777.3804261629,
    "vacuum.eig0": 0.30000001192092896,
    "vacuum.eig1": 0.30000001192092896,
    "vacuum.eig2": 1.0,
    "vacuum.eig3": 8.0,
    "vacuum.E_tot": 1.861821625226412e-05,
    "vacuum.E_mean": 6.249611041007055e-10,
    "vacuum.E_max": 7.633857990185788e-10,
    "vacuum.E_min": 0.0,
    "biaxial.frob2": 1938676.3866162503,
    "biaxial.trM": 276926.43327893363,
    "biaxial.trM2": 1938676.3866162503,
    "biaxial.eig0": 0.004827332627226812,
    "biaxial.eig1": 0.2976921169462053,
    "biaxial.eig2": 0.9931212902115243,
    "biaxial.eig3": 8.0,
    "biaxial.E_tot": 5.416073880316202e-06,
    "biaxial.E_mean": 1.8180235239891922e-10,
    "biaxial.E_max": 1.1197373339655314e-07,
    "biaxial.E_min": 0.0,
    "dressed.frob2": 1945068.7697168675,
    "dressed.trM": 277310.0249743615,
    "dressed.trM2": 1945068.7697168675,
    "dressed.eig0": 0.004827332784510333,
    "dressed.eig1": 0.2972174680687481,
    "dressed.eig2": 0.9931212901312336,
    "dressed.eig3": 8.013350742098034,
    "dressed.E_tot": 1.0654173101379283e-05,
    "dressed.E_mean": 3.576305965351711e-10,
    "dressed.E_max": 1.3305896118254168e-07,
    "dressed.E_min": 0.0,
    "dressed.stable_mask_count": 18316.0,
    "render.dir_mean_norm": 0.9999664334076613,
    "render.dir_probe_x": 1.0,
    "render.dir_probe_y": 0.0,
    "render.dir_probe_z": 0.0,
    "render.eig_hi_mean": 0.9931213136430129,
    "render.eig_mid_mean": 0.2976921246309566,
    "render.eig_lo_mean": 0.00482730110431661,
    "render.amp_mean": 0.05941827204610513,
    "render.amp_max": 0.07716351002454758,
    "flow20.frob2": 1945068.6813733606,
    "flow20.trM": 277310.0275390854,
    "flow20.trM2": 1945068.6813733606,
    "flow20.eig0": 0.004828205059269732,
    "flow20.eig1": 0.2972178718491235,
    "flow20.eig2": 0.9931201568775865,
    "flow20.eig3": 8.013350685387106,
    "flow20.E_tot": 1.0650937604859273e-05,
    "flow20.E_mean": 3.5752199002582235e-10,
    "flow20.E_max": 1.3260276432447426e-07,
    "flow20.E_min": 0.0,
    "clock20.frob2": 1945116.2330717882,
    "clock20.trM": 277310.02474058326,
    "clock20.trM2": 1945116.2330717884,
    "clock20.eig0": 0.002432234164329911,
    "clock20.eig1": 0.2997261694505766,
    "clock20.eig2": 0.9929854989174255,
    "clock20.eig3": 8.013372922702917,
    "clock20.E_tot": 7.99519098060844e-05,
    "clock20.E_mean": 2.6837605251950054e-09,
    "clock20.E_max": 1.3305896118254168e-07,
    "clock20.E_min": 0.0,
    "clock20.blew_up": false
  }
}