{
  "params": {
    "EDGE": 1e-15,
    "TARGET_VOXELS": 110592,
    "R0_FRACTION": 0.06,
    "RHOC_VOXELS": 3.0,
    "BIAXIAL_DELTA": 0.3,
    "B_STAR": 0.13,
    "RW_FRACTION": 0.29,
    "CLOCK_KICK": 0.05,
    "LDG_STIFFNESS_K": 1.0,
    "LC_G": 8.0,
    "DT_SCALE_4D": 0.5,
    "C_AMRS": 0.2998,
    "KM_INERTIA_4D": 30.0,
    "FLOW_STEPS": 400,
    "FLOW_DAMP": 0.6,
    "CLOCK_STEPS": 600,
    "M_E_MEV": 0.510999
  },
  "derived": {
    "N": 47,
    "dx_am": 20.83333333333338,
    "dt_rs": 19.05724495949194,
    "ldg_a": -1.0401230004682663e-06,
    "ldg_b": 0.0,
    "ldg_c": 4.771206424166359e-07,
    "v0": -5.668670352552052e-07,
    "r0_vox": 2.82,
    "rhoc_vox": 3.0,
    "rw_vox": 13.629999999999999
  },
  "seed_dressed": {
    "tag": "seed_dressed",
    "kin_euclid": 5.148272352048858e-14,
    "kin_signed": 4.89507184244474e-14,
    "curv_euclid": 5.291336128721014e-05,
    "curv_signed": 2.25664880417753e-05,
    "potential": 2.0731662516482174e-05,
    "boost_GEM": 3.0346876883413643e-05,
    "clock_negative": 2.532005096041179e-15,
    "H_euclid": 7.364502385517503e-05,
    "H_signed": 4.3298150607208194e-05
  },
  "seed_undressed": {
    "tag": "seed_undressed",
    "kin_euclid": 4.8585952156041806e-14,
    "kin_signed": 4.8585952156041806e-14,
    "curv_euclid": 1.065669312083628e-05,
    "curv_signed": 1.065669312083628e-05,
    "potential": 3.6187953810440376e-05,
    "boost_GEM": 0.0,
    "clock_negative": 0.0,
    "H_euclid": 4.684464697986261e-05,
    "H_signed": 4.684464697986261e-05
  },
  "minimized": {
    "tag": "minimized",
    "kin_euclid": 0.0,
    "kin_signed": 0.0,
    "curv_euclid": 5.214225529925898e-05,
    "curv_signed": 2.2497435566037893e-05,
    "potential": 2.095624222420156e-05,
    "boost_GEM": 2.9644816095242277e-05,
    "clock_negative": 0.0,
    "H_euclid": 7.309849752346054e-05,
    "H_signed": 4.345367779023945e-05
  },
  "flow_history": [
    4.3298652599332854e-05,
    4.330359115556348e-05,
    4.330841693445109e-05,
    4.3313200876582414e-05,
    4.331789750722237e-05,
    4.3322557758074254e-05,
    4.332717799115926e-05,
    4.333174729254097e-05,
    4.333623292041011e-05,
    4.3340631236787885e-05,
    4.3345016820239834e-05,
    4.334935510996729e-05,
    4.3353609726182185e-05,
    4.335779703978915e-05,
    4.336194433562923e-05,
    4.3366064346628264e-05,
    4.3370142520871013e-05,
    4.337414247856941e-05,
    4.337810787546914e-05,
    4.338201688369736e-05,
    4.33858858741587e-05,
    4.338968938100152e-05,
    4.3393458327045664e-05,
    4.339719998824876e-05,
    4.340088344179094e-05,
    4.340451596362982e-05,
    4.340811756264884e-05,
    4.341167186794337e-05,
    4.3415177060524e-05,
    4.341864405432716e-05,
    4.342204374552239e-05,
    4.342541615187656e-05,
    4.342875581642147e-05,
    4.343204454926308e-05,
    4.3435276893433183e-05,
    4.343848559074104e-05,
    4.344165063230321e-05,
    4.344480112195015e-05,
    4.344788794696797e-05,
    4.345095112512354e-05
  ],
  "clock_series": [
    {
      "tag": "clk0",
      "kin_euclid": 0.0002800507936626673,
      "kin_signed": 0.0002728853141888976,
      "curv_euclid": 5.291344132274389e-05,
      "curv_signed": 2.256652805954218e-05,
      "potential": 2.0729086827486753e-05,
      "boost_GEM": 3.0346913263201714e-05,
      "clock_negative": 7.165479473769665e-06,
      "H_euclid": 0.0003536933218128979,
      "H_signed": 0.00031618092907592654,
      "step": 0,
      "max_M": 8.143328666687012
    },
    {
      "tag": "clk20",
      "kin_euclid": 0.00028430315433070064,
      "kin_signed": 0.00027646933449432254,
      "curv_euclid": 5.296372182783671e-05,
      "curv_signed": 2.2598902432946488e-05,
      "potential": 2.0215513359289616e-05,
      "boost_GEM": 3.0364823032869026e-05,
      "clock_negative": 7.833819836378098e-06,
      "H_euclid": 0.00035748238951782696,
      "H_signed": 0.00031928375028655864,
      "step": 20,
      "max_M": 8.143328666687012
    },
    {
      "tag": "clk40",
      "kin_euclid": 0.00029809249099344015,
      "kin_signed": 0.00028874591225758195,
      "curv_euclid": 5.311117274686694e-05,
      "curv_signed": 2.2694159270031378e-05,
      "potential": 1.9277154933661222e-05,
      "boost_GEM": 3.041701711481437e-05,
      "clock_negative": 9.346578735858202e-06,
      "H_euclid": 0.0003704808186739683,
      "H_signed": 0.00033071722646127455,
      "step": 40,
      "max_M": 8.143328666687012
    },
    {
      "tag": "clk60",
      "kin_euclid": 0.0003039491130039096,
      "kin_signed": 0.0002930418122559786,
      "curv_euclid": 5.337152470019646e-05,
      "curv_signed": 2.286324161104858e-05,
      "potential": 1.872372013167478e-05,
      "boost_GEM": 3.0508281270158477e-05,
      "clock_negative": 1.0907300747931004e-05,
      "H_euclid": 0.00037604435783578083,
      "H_signed": 0.00033462877399870194,
      "step": 60,
      "max_M": 8.143328666687012
    },
    {
      "tag": "clk80",
      "kin_euclid": 0.0002964719897136092,
      "kin_signed": 0.00028413356631062925,
      "curv_euclid": 5.378893547458574e-05,
      "curv_signed": 2.3138454707805067e-05,
      "potential": 1.8805010768119246e-05,
      "boost_GEM": 3.0650480766780674e-05,
      "clock_negative": 1.233842340297997e-05,
      "H_euclid": 0.0003690659359563142,
      "H_signed": 0.00032607703178655356,
      "step": 80,
      "max_M": 8.143328666687012
    },
    {
      "tag": "clk100",
      "kin_euclid": 0.00027469973429106176,
      "kin_signed": 0.000260915607213974,
      "curv_euclid": 5.445357965072617e-05,
      "curv_signed": 2.3588447220390663e-05,
      "potential": 1.9303257431602105e-05,
      "boost_GEM": 3.086513243033551e-05,
      "clock_negative": 1.378412707708776e-05,
      "H_euclid": 0.00034845657137339003,
      "H_signed": 0.00030380731186596677,
      "step": 100,
      "max_M": 8.143328666687012
    },
    {
      "tag": "clk120",
      "kin_euclid": 0.0002368319983361289,
      "kin_signed": 0.00022316034301184118,
      "curv_euclid": 5.549209890887141e-05,
      "curv_signed": 2.4314256734214723e-05,
      "potential": 2.023528577410616e-05,
      "boost_GEM": 3.117784217465669e-05,
      "clock_negative": 1.3671655324287713e-05,
      "H_euclid": 0.00031255938301910646,
      "H_signed": 0.00026770988552016206,
      "step": 120,
      "max_M": 8.143328666687012
    },
    {
      "tag": "clk140",
      "kin_euclid": 0.00019202235853299499,
      "kin_signed": 0.00017949941684491932,
      "curv_euclid": 5.7004821428563446e-05,
      "curv_signed": 2.5405068299733102e-05,
      "potential": 2.1459076378960162e-05,
      "boost_GEM": 3.159976040478796e-05,
      "clock_negative": 1.2522941688075662e-05,
      "H_euclid": 0.0002704862563405186,
      "H_signed": 0.0002263635615236126,
      "step": 140,
      "max_M": 8.143328666687012
    },
    {
      "tag": "clk160",
      "kin_euclid": 0.00015188178804237396,
      "kin_signed": 0.00014088446914684027,
      "curv_euclid": 5.903363853576593e-05,
      "curv_signed": 2.6909408916253597e-05,
      "potential": 2.2530766727868468e-05,
      "boost_GEM": 3.212423325749114e-05,
      "clock_negative": 1.0997318895533681e-05,
      "H_euclid": 0.00023344619330600835,
      "H_signed": 0.00019032464479096234,
      "step": 160,
      "max_M": 8.143328666687012
    },
    {
      "tag": "clk180",
      "kin_euclid": 0.00011633787653408945,
      "kin_signed": 0.00010699765698518604,
      "curv_euclid": 6.156473682494834e-05,
      "curv_signed": 2.8829930670326576e-05,
      "potential": 2.325283276150003e-05,
      "boost_GEM": 3.2734806154621765e-05,
      "clock_negative": 9.340219548903406e-06,
      "H_euclid": 0.00020115544612053782,
      "H_signed": 0.00015908042041701265,
      "step": 180,
      "max_M": 8.143328666687012
    },
    {
      "tag": "clk200",
      "kin_euclid": 8.885406714398414e-05,
      "kin_signed": 8.066794543992728e-05,
      "curv_euclid": 6.453416426666081e-05,