{
  "grid": 47,
  "dx_am": 20.83333333333338,
  "ldg_c": 4.771206424166359e-07,
  "delta": 0.3,
  "confiner": {
    "r0_voxs": [
      1.8800000000000001,
      2.35,
      2.82,
      3.7600000000000002,
      4.7,
      6.11
    ],
    "curv_signed": [
      2.4901866709114984e-05,
      2.3530459657195024e-05,
      2.25664880417753e-05,
      2.140642209269572e-05,
      2.0798714103875682e-05,
      2.032493648584932e-05
    ],
    "confiner": [
      16.394986348439748,
      31.98628297484322,
      55.22514818103039,
      130.5616906273033,
      253.93533685695076,
      552.4242865445166
    ],
    "potential": [
      1.0465138984727673e-05,
      1.4274628483690321e-05,
      2.0731658878503367e-05,
      4.3705320422304794e-05,
      8.287755190394819e-05,
      0.0001768466318026185
    ],
    "p_curv": -0.17295421179075665,
    "p_conf": 2.985425030463903,
    "selections": {
      "B=0.5x": {
        "B": 8.197818973485002e-08,
        "r0_star": 2.35,
        "interior": true,
        "E_star": 2.6152637231819323e-05
      },
      "B=1.0x": {
        "B": 1.6395637946970003e-07,
        "r0_star": 1.8800000000000001,
        "interior": false,
        "E_star": 2.7589929312260323e-05
      },
      "B=2.0x": {
        "B": 3.2791275893940007e-07,
        "r0_star": 1.8800000000000001,
        "interior": false,
        "E_star": 3.0277991915405663e-05
      }
    }
  },
  "clock_scaling": {
    "r0_voxs": [
      2.35,
      3.2900000000000005,
      4.7,
      6.11
    ],
    "omega": [
      0.07855251381946672,
      0.06546042818288893,
      0.06546042818288893,
      0.06546042818288893
    ],
    "blew_up": [
      true,
      true,
      false,
      true
    ],
    "p_omega": NaN,
    "cv_omega_r0": NaN
  },
  "spectrum": {
    "deltas": [
      0.15,
      0.3,
      0.5,
      0.7
    ],
    "H_signed": [
      0.0003169895808241563,
      4.329814692027867e-05,
      0.0010820222923939582,
      0.006873236550745787
    ],
    "span": 158.74204878561926,
    "R_mu": 206.7675279207983,
    "R_tau": 3477.227939780704
  },
  "wall_seconds": 317.3095190525055
}