{
  "params": {
    "EDGE": 1e-15,
    "TARGET_VOXELS": 262144,
    "R0_FRACTION": 0.06,
    "RHOC_VOXELS": 3.0,
    "BIAXIAL_DELTA": 0.3,
    "B_STAR": 0.13,
    "RW_FRACTION": 0.29,
    "CLOCK_KICK": 0.05,
    "LDG_STIFFNESS_K": 1.0,
    "LC_G": 8.0,
    "DT_SCALE_4D": 0.5,
    "C_AMRS": 0.2998,
    "KM_INERTIA_4D": 30.0,
    "FLOW_STEPS": 150,
    "FLOW_DAMP": 0.6,
    "CLOCK_STEPS": 200,
    "M_E_MEV": 0.510999
  },
  "derived": {
    "N": 63,
    "dx_am": 15.625000000000034,
    "dt_rs": 14.292933719618956,
    "ldg_a": -3.287302322467607e-06,
    "ldg_b": 0.0,
    "ldg_c": 1.507936845168627e-06,
    "v0": -1.791579765744846e-06,
    "r0_vox": 3.78,
    "rhoc_vox": 3.0,
    "rw_vox": 18.27
  },
  "seed_dressed": {
    "tag": "seed_dressed",
    "kin_euclid": 2.294521452179954e-13,
    "kin_signed": 2.159467808564297e-13,
    "curv_euclid": 0.00019208704179618508,
    "curv_signed": 9.887276974041015e-05,
    "potential": 0.00011802939116023481,
    "boost_GEM": 9.321427205577493e-05,
    "clock_negative": 1.3505364361565686e-14,
    "H_euclid": 0.00031011643318587203,
    "H_signed": 0.00021690216111659174
  },
  "seed_undressed": {
    "tag": "seed_undressed",
    "kin_euclid": 2.2041537432043734e-13,
    "kin_signed": 2.2041537432043734e-13,
    "curv_euclid": 2.679005774552934e-05,
    "curv_signed": 2.679005774552934e-05,
    "potential": 0.00024424970615655184,
    "boost_GEM": 0.0,
    "clock_negative": 0.0,
    "H_euclid": 0.00027103976412249655,
    "H_signed": 0.00027103976412249655
  },
  "minimized": {
    "tag": "minimized",
    "kin_euclid": 0.0,
    "kin_signed": 0.0,
    "curv_euclid": 0.0001904445089166984,
    "curv_signed": 9.857934492174536e-05,
    "potential": 0.00011859693768201396,
    "boost_GEM": 9.186519309878349e-05,
    "clock_negative": 0.0,
    "H_euclid": 0.00030904144659871235,
    "H_signed": 0.00021717628260375932
  },
  "flow_history": [
    0.00021690442372346297,
    0.00021692589507438242,
    0.00021694695169571787,
    0.0002169674917240627,
    0.00021698746422771364,
    0.00021700702927773818,
    0.0002170260122511536,
    0.0002170445950469002,
    0.00021706268307752907,
    0.00021708042186219245,
    0.0002170976877096109,
    0.0002171146115870215,
    0.0002171310334233567,
    0.00021714696049457416,
    0.0002171626329072751
  ],
  "clock_series": [
    {
      "tag": "clk0",
      "kin_euclid": 0.0007292425725609064,
      "kin_signed": 0.0007112502353265882,
      "curv_euclid": 0.00019208693993277848,
      "curv_signed": 9.88726387731731e-05,
      "potential": 0.00011801761866081506,
      "boost_GEM": 9.321431571152061e-05,
      "clock_negative": 1.7992337234318256e-05,
      "H_euclid": 0.0010393471311545,
      "H_signed": 0.0009281404927605763,
      "step": 0,
      "max_M": 8.143328666687012
    },
    {
      "tag": "clk20",
      "kin_euclid": 0.0007348101353272796,
      "kin_signed": 0.0007158074295148253,
      "curv_euclid": 0.00019212649203836918,
      "curv_signed": 9.888772910926491e-05,
      "potential": 0.00011565597378648818,
      "boost_GEM": 9.323874837718904e-05,
      "clock_negative": 1.9002705812454224e-05,
      "H_euclid": 0.001042592601152137,
      "H_signed": 0.0009303511324105784,
      "step": 20,
      "max_M": 8.143328666687012
    },
    {
      "tag": "clk40",
      "kin_euclid": 0.0007535996846854687,
      "kin_signed": 0.000732380198314786,
      "curv_euclid": 0.0001922512601595372,
      "curv_signed": 9.894037793856114e-05,
      "potential": 0.00011112198990304023,
      "boost_GEM": 9.331088222097605e-05,
      "clock_negative": 2.1219486370682716e-05,
      "H_euclid": 0.001056972934748046,
      "H_signed": 0.0009424425661563873,
      "step": 40,
      "max_M": 8.143328666687012
    },
    {
      "tag": "clk60",
      "kin_euclid": 0.0007707710028626025,
      "kin_signed": 0.0007464773370884359,
      "curv_euclid": 0.00019249290926381946,
      "curv_signed": 9.905413025990129e-05,
      "potential": 0.00010747178748715669,
      "boost_GEM": 9.34387935558334e-05,
      "clock_negative": 2.4293665774166584e-05,
      "H_euclid": 0.0010707356996135786,
      "H_signed": 0.0009530032548354939,
      "step": 60,
      "max_M": 8.143328666687012
    },
    {
      "tag": "clk80",
      "kin_euclid": 0.0007725351024419069,
      "kin_signed": 0.0007448259275406599,
      "curv_euclid": 0.00019293371587991714,
      "curv_signed": 9.928465442499146e-05,
      "potential": 0.0001064339594449848,
      "boost_GEM": 9.364905417896807e-05,
      "clock_negative": 2.7709174901247025e-05,
      "H_euclid": 0.0010719027777668089,
      "H_signed": 0.0009505445414106362,
      "step": 80,
      "max_M": 8.143328666687012
    },
    {
      "tag": "clk100",
      "kin_euclid": 0.0007621343247592449,
      "kin_signed": 0.0007298494456335902,
      "curv_euclid": 0.00019377059652470052,
      "curv_signed": 9.978042362490669e-05,
      "potential": 0.00010767538333311677,
      "boost_GEM": 9.399018745170906e-05,
      "clock_negative": 3.22848791256547e-05,
      "H_euclid": 0.0010635803046170622,
      "H_signed": 0.0009373052525916137,
      "step": 100,
      "max_M": 8.143328666687012
    },
    {
      "tag": "clk120",
      "kin_euclid": 0.000715743051841855,
      "kin_signed": 0.0006820659036748111,
      "curv_euclid": 0.0001952956081368029,
      "curv_signed": 0.00010077023762278259,
      "potential": 0.00011010270100086927,
      "boost_GEM": 9.452536323806271e-05,
      "clock_negative": 3.3677148167043924e-05,
      "H_euclid": 0.0010211413609795272,
      "H_signed": 0.000892938842298463,
      "step": 120,
      "max_M": 8.143328666687012
    },
    {
      "tag": "clk140",
      "kin_euclid": 0.0006203565280884504,
      "kin_signed": 0.0005885811988264322,
      "curv_euclid": 0.0001978136133402586,
      "curv_signed": 0.00010250920604448766,
      "potential": 0.0001129642259911634,
      "boost_GEM": 9.530440729577094e-05,
      "clock_negative": 3.1775329262018204e-05,
      "H_euclid": 0.0009311343674198724,
      "H_signed": 0.0008040546308620833,
      "step": 140,
      "max_M": 8.143328666687012
    },
    {
      "tag": "clk160",
      "kin_euclid": 0.0005093526560813189,
      "kin_signed": 0.0004800164024345577,
      "curv_euclid": 0.00020155901438556612,
      "curv_signed": 0.0001052132502081804,
      "potential": 0.00011521923443069682,
      "boost_GEM": 9.63457569014281e-05,
      "clock_negative": 2.933625364676118e-05,
      "H_euclid": 0.0008261309048975818,
      "H_signed": 0.0007004488870734349,
      "step": 160,
      "max_M": 8.143328666687012
    },
    {
      "tag": "clk180",
      "kin_euclid": 0.00040876807179301977,
      "kin_signed": 0.00038217927794903517,
      "curv_euclid": 0.0002066884480882436,
      "curv_signed": 0.0001090454388759099,
      "potential": 0.00011683836055453867,
      "boost_GEM": 9.764300921233371e-05,
      "clock_negative": 2.6588793843984604e-05,
      "H_euclid": 0.000732294880435802,
      "H_signed": 0.0006080630773794837,
      "step": 180,
      "max_M": 8.143328666687012
    }
  ],
  "clock_blew_up": false,
  "H_clock_avg": 0.0007885621380410157,
  "H_rest_electron": 0.00021717628260375932,
  "e_scale_MeV_per_unit": 2352.9226758721334,
  "wall_seconds": 62.7667760848999
}