{
  "config": {
    "m_J_sq": 0.5,
    "lam_bench": 1.0,
    "g": 1.0625,
    "omega_init": 0.1,
    "lambda_init": 0.1,
    "V_norm": 0.1,
    "r_max": 20.0,
    "n_grid": 200,
    "max_nodes": 50000,
    "tol": 0.005,
    "verbose": 2,
    "quartic": "deepseek",
    "no_warm_start": true
  },
  "I_target": 0.0,
  "solve_bvp": {
    "status": 0,
    "message": "The algorithm converged to the desired accuracy.",
    "n_grid_final": 2283
  },
  "diag": {
    "quartic_form": "deepseek",
    "omega": 0.6667361627613848,
    "lambda_LM": 2.3826296468779,
    "m_J_sq": 0.5,
    "m_eff_sq": 0.05546288926622417,
    "lam_bench": 1.0,
    "g": 1.0625,
    "H_used": 0.03664421193777673,
    "H_deepseek": 0.03664421193777673,
    "H_benchmark": 9.126238656695815,
    "Q_CS": -9.740878893424454e-21,
    "Q_CS_from_grid": -0.0001602491986215942,
    "HQ_CS": NaN,
    "HQ_deepseek": NaN,
    "HQ_benchmark": NaN,
    "tail": 0.05144231637138047,
    "peak_V": 0.1,
    "peak_A": 0.006195117534179048,
    "peak_Q": 0.09693935467843592,
    "peak_J": 0.015528128949625103,
    "nodes_V": 6,
    "nodes_A": 5,
    "nodes_Q": 6,
    "nodes_J": 0,
    "max_nodes": 6,
    "V0": 0.1,
    "A0": 0.006195117534179048,
    "Q0": -0.09693935467843592,
    "J0": -0.015443411548022586,
    "r_min": 0.05,
    "r_max": 20.0,
    "n_grid": 2283
  },
  "passed": false,
  "fail_reasons": [
    "|Q_CS-1| = 1.0000 > 0.01",
    "tail = 0.0514 > 0.05",
    "max_nodes = 6 > 4"
  ],
  "elapsed_sec": 0.21025300025939941
}