{
  "config": {
    "m_J_sq": 0.5,
    "lam_bench": 1.0,
    "g": 1.0625,
    "omega_init": 1.0,
    "lambda_init": 0.1,
    "V_norm": 0.1,
    "r_max": 15.0,
    "n_grid": 500,
    "max_nodes": 100000,
    "tol": 0.005,
    "verbose": 0,
    "no_warm_start": false,
    "anchor": "VQ",
    "free_param": "lam_bench"
  },
  "I_target": 1.0,
  "solve_bvp": {
    "status": 1,
    "message": "The maximum number of mesh nodes is exceeded.",
    "n_grid_final": 38821
  },
  "diag": {
    "omega": 75.17235866280848,
    "lambda_LM": 1.1390524292856565,
    "m_J_sq": 0.5,
    "m_eff_sq": -5650.383506929917,
    "lam_bench": -360495.2183664306,
    "g": 1.0625,
    "H_full": 57785719247.142204,
    "H_electron": 51450462408.63448,
    "H_benchmark": -3.294819517929447e+17,
    "Q_CS": 0.999999999999998,
    "Q_CS_from_grid": -2276498.0581382825,
    "HQ_full": 57785719247.14232,
    "HQ_electron": 51450462408.63458,
    "HQ_benchmark": -3.2948195179294534e+17,
    "tail": 110.50613728116234,
    "peak_V": 3.383638113164764,
    "peak_A": 79.0195188896927,
    "peak_Q": 71.77980308623023,
    "peak_J": 1661.739822958633,
    "nodes_V": 0,
    "nodes_A": 24,
    "nodes_Q": 1669,
    "nodes_J": 2226,
    "max_nodes": 2226,
    "V0": 0.09979389984236788,
    "A0": 16.33706777525147,
    "Q0": 0.09977290815964608,
    "J0": -0.7924741320218714,
    "r_min": 0.05,
    "r_max": 15.0,
    "n_grid": 38821
  },
  "passed": false,
  "fail_reasons": [
    "|H_electron/Q-1.6969| = 51450462406.9377 > 0.003",
    "max_nodes (excl r=0) = 2226 > 4",
    "A(0) = 16.3371 (should be < 0 per helicity)"
  ],
  "elapsed_sec": 2.5450758934020996
}