{
  "config": {
    "m_J_sq": 0.5,
    "lam_bench": 1.0,
    "g": 1.0625,
    "omega_init": 1.0,
    "lambda_init": 0.1,
    "V_norm": 0.1,
    "r_max": 15.0,
    "n_grid": 500,
    "max_nodes": 100000,
    "tol": 0.005,
    "verbose": 0,
    "quartic": "deepseek",
    "no_warm_start": true
  },
  "I_target": 1.0,
  "solve_bvp": {
    "status": 1,
    "message": "The maximum number of mesh nodes is exceeded.",
    "n_grid_final": 52398
  },
  "diag": {
    "quartic_form": "deepseek",
    "omega": 1.0160638390019274,
    "lambda_LM": 12.206922262229918,
    "m_J_sq": 0.5,
    "m_eff_sq": -0.5323857249273347,
    "lam_bench": 1.0,
    "g": 1.0625,
    "H_used": 1.778168621014777,
    "H_deepseek": 1.778168621014777,
    "H_benchmark": 411.3323239559781,
    "Q_CS": 1.0000000000000002,
    "Q_CS_from_grid": -0.15415029968416988,
    "HQ_CS": 1.7781686210147765,
    "HQ_deepseek": 1.7781686210147765,
    "HQ_benchmark": 411.332323955978,
    "tail": 0.22854077073886772,
    "peak_V": 0.09983299101372194,
    "peak_A": 0.8288358549051362,
    "peak_Q": 0.11703045257243751,
    "peak_J": 0.19919275018037103,
    "nodes_V": 5,
    "nodes_A": 0,
    "nodes_Q": 5,
    "nodes_J": 1,
    "max_nodes": 5,
    "V0": 0.09983299101372194,
    "A0": -0.8205486665814298,
    "Q0": -0.11698725632997584,
    "J0": -0.19919275018037103,
    "r_min": 0.05,
    "r_max": 15.0,
    "n_grid": 52398
  },
  "passed": false,
  "fail_reasons": [
    "|H/Q-1.6969| = 0.0813 > 0.001",
    "tail = 0.2285 > 0.05",
    "max_nodes = 5 > 4"
  ],
  "elapsed_sec": 3.6532609462738037
}