{
  "config": {
    "m_J_sq": 0.5,
    "lam_bench": 1.0,
    "g": 1.0625,
    "omega_init": 1.0,
    "lambda_init": 20.0,
    "V_norm": 0.1,
    "r_max": 15.0,
    "n_grid": 500,
    "max_nodes": 100000,
    "tol": 0.005,
    "verbose": 0,
    "quartic": "deepseek",
    "no_warm_start": true
  },
  "I_target": 1.0,
  "solve_bvp": {
    "status": 1,
    "message": "The maximum number of mesh nodes is exceeded.",
    "n_grid_final": 40134
  },
  "diag": {
    "quartic_form": "deepseek",
    "omega": 20.547704026395547,
    "lambda_LM": 477.0354885888529,
    "m_J_sq": 0.5,
    "m_eff_sq": -421.7081407563518,
    "lam_bench": 1.0,
    "g": 1.0625,
    "H_used": 2618792067622.776,
    "H_deepseek": 2618792067622.776,
    "H_benchmark": 161460754890.0719,
    "Q_CS": 0.9999999999997398,
    "Q_CS_from_grid": -397148.91956147697,
    "HQ_CS": 2618792067623.4575,
    "HQ_deepseek": 2618792067623.4575,
    "HQ_benchmark": 161460754890.11392,
    "tail": 377.20993191325357,
    "peak_V": 49.894583386259704,
    "peak_A": 2978.996185051935,
    "peak_Q": 169.31176419062052,
    "peak_J": 347.44651339660646,
    "nodes_V": 0,
    "nodes_A": 0,
    "nodes_Q": 24,
    "nodes_J": 2,
    "max_nodes": 24,
    "V0": 0.09975181177041521,
    "A0": -2978.996185051935,
    "Q0": 17.30602029137159,
    "J0": 14.549470664466071,
    "r_min": 0.05,
    "r_max": 15.0,
    "n_grid": 40134
  },
  "passed": false,
  "fail_reasons": [
    "|H/Q-1.6969| = 2618792067621.7607 > 0.001",
    "tail = 377.2099 > 0.05",
    "max_nodes = 24 > 4"
  ],
  "elapsed_sec": 2.3991801738739014
}