{
  "scaffold_pass": true,
  "targets": {
    "TBM": {
      "theta12": 35.264389682754654,
      "theta23": 45.0,
      "theta13": 0.0
    },
    "NuFIT_6.0_NO": {
      "theta12": 33.68,
      "theta23": 43.3,
      "theta13": 8.56,
      "delta_CP": 212.0
    }
  },
  "D1_bridge_roundtrip": {
    "M": [
      [
        1.4999999999999998,
        0.49999999999999994,
        0.49999999999999994
      ],
      [
        0.49999999999999994,
        4.000000000000001,
        -2.000000000000001
      ],
      [
        0.49999999999999994,
        -2.0000000000000004,
        4.0
      ]
    ],
    "angles": {
      "theta12": 35.26438968275463,
      "theta23": 45.00000000000003,
      "theta13": 0.0
    },
    "angle_err_vs_TBM": 2.842170943040401e-14,
    "roundtrip_ok": true,
    "structure": {
      "row_sums": [
        2.4999999999999996,
        2.5,
        2.4999999999999996
      ],
      "magic_violation": 4.440892098500626e-16,
      "mutau_violation": 8.881784197001252e-16
    }
  },
  "D2_democratic_Z3": {
    "M": [
      [
        3.0,
        -0.7,
        -0.7
      ],
      [
        -0.7,
        3.0,
        -0.7
      ],
      [
        -0.7,
        -0.7,
        3.0
      ]
    ],
    "eigenvalues": [
      1.5999999999999994,
      3.6999999999999984,
      3.7
    ],
    "trimaximal_eigenvalue": 1.6,
    "sin2_theta12_solar": 0.3333333333333334,
    "expected_1_3": 0.3333333333333333,
    "solar_is_trimaximal": true,
    "doublet_degeneracy": 1.7763568394002505e-15,
    "note": "Z3 democratic gives sin^2 th12 = 1/3 exactly; th23/th13 are degenerate (undetermined) until a mu-tau + magic refinement splits the doublet (D3)."
  },
  "D3_magic_mutau_TBM": {
    "scanned": 400,
    "worst_angle_err_vs_TBM_deg": 8.739675649849232e-13,
    "worst_params_xyz": [
      1.4323596961252438,
      0.41597999423200394,
      2.046644733555252
    ],
    "tbm_for_all_magic_mutau": true,
    "note": "every magic + mu-tau matrix diagonalizes to EXACT TBM, independent of the free params x,y,z -> TBM is the symmetry, not a tuning. This is what the 3 Z3/reflection-symmetric loops must reproduce."
  },
  "D4_breaking_to_theta13": {
    "mutau_break": [
      {
        "eps": -1e-05,
        "theta13": 0.00046301981972675556,
        "theta23": 44.999754446659246,
        "theta12": 35.2643896816017
      },
      {
        "eps": -2.310129700083158e-05,
        "theta13": 0.0010696358370568448,
        "theta23": 44.999432739934804,
        "theta12": 35.264389676601674
      },
      {
        "eps": -5.3366992312063015e-05,
        "theta13": 0.0024709975129914036,
        "theta23": 44.99868955567843,
        "theta12": 35.26438964991806
      },
      {
        "eps": -0.0001232846739442066,
        "theta13": 0.00570832471314916,
        "theta23": 44.996972703686026,
        "theta12": 35.26438950751559
      },
      {
        "eps": -0.0002848035868435802,
        "theta13": 0.013186970082066221,
        "theta23": 44.99300655328808,
        "theta12": 35.26438874755654
      },
      {
        "eps": -0.0006579332246575682,
        "theta13": 0.030463606611643657,
        "theta23": 44.98384423614799,
        "theta12": 35.2643846918863
      },
      {
        "eps": -0.0015199110829529332,
        "theta13": 0.07037482533687445,
        "theta23": 44.96267815301115,
        "theta12": 35.26436304806917
      },
      {
        "eps": -0.003511191734215131,
        "theta13": 0.1625742705962264,
        "theta23": 44.91378246842182,
        "theta12": 35.26424754366602
      },
      {
        "eps": -0.008111308307896872,
        "theta13": 0.3755589780782553,
        "theta23": 44.8008358810096,
        "theta12": 35.26363119232045
      },
      {
        "eps": -0.01873817422860384,
        "theta13": 0.8674830804788535,
        "theta23": 44.540022882006966,
        "theta12": 35.26034364448565
      },
      {
        "eps": -0.04328761281083057,
        "theta13": 2.0026844788709135,
        "theta23": 43.9388426518144,
        "theta12": 35.24284823117021
      },
      {
        "eps": -0.1,
        "theta13": 4.610493389619396,
        "theta23": 42.56625155376719,
        "theta12": 35.1508616611397
      },
      {
        "eps": 0.0,
        "theta13": 7.068259890049197e-15,
        "theta23": 44.99999999999999,
        "theta12": 35.264389682754654
      },
      {
        "eps": 1e-05,
        "theta13": 0.00046301981972032976,
        "theta23": 45.00024555334074,
        "theta12": 35.2643896816017
      },
      {
        "eps": 2.310129700083158e-05,
        "theta13": 0.0010696358370587723,
        "theta23": 45.000567260065196,
        "theta12": 35.264389676601674
      },
      {
        "eps": 5.3366992312063123e-05,
        "theta13": 0.0024709975129798374,
        "theta23": 45.001310444321554,
        "theta12": 35.26438964991806
      },
      {
        "eps": 0.0001232846739442066,
        "theta13": 0.005708324713125386,
        "theta23": 45.00302729631395,
        "theta12": 35.26438950751559
      },
      {
        "eps": 0.0002848035868435802,
        "theta13": 0.013186970082037947,
        "theta23": 45.006993446711896,
        "theta12": 35.264388747556524
      },
      {
        "eps": 0.0006579332246575682,
        "theta13": 0.03046360661164045,
        "theta23": 45.016155763852026,
        "theta12": 35.2643846918863
      },
      {
        "eps": 0.0015199110829529332,
        "theta13": 0.07037482533685131,
        "theta23": 45.03732184698882,
        "theta12": 35.26436304806917
      },
      {
        "eps": 0.003511191734215131,
        "theta13": 0.16257427059621998,
        "theta23": 45.08621753157818,
        "theta12": 35.26424754366602
      },
      {
        "eps": 0.008111308307896872,
        "theta13": 0.37555897807825156,
        "theta23": 45.1991641189904,
        "theta12": 35.263631192320474
      },
      {
        "eps": 0.018738174228603847,
        "theta13": 0.8674830804788549,
        "theta23": 45.45997711799301,
        "theta12": 35.260343644485644
      },
      {
        "eps": 0.043287612810830614,
        "theta13": 2.002684478870899,
        "theta23": 46.06115734818558,
        "theta12": 35.24284823117021
      },
      {
        "eps": 0.1,
        "theta13": 4.610493389619388,
        "theta23": 47.43374844623281,
        "theta12": 35.15086166113969
      }
    ],
    "magic_break": [
      {
        "eps": -1e-05,
        "theta13": 7.06826998757775e-15,
        "theta23": 44.99999999999999,
        "theta12": 35.264502222450474
      },
      {
        "eps": -2.310129700083158e-05,
        "theta13": 7.068283216693463e-15,
        "theta23": 44.99999999999999,
        "theta12": 35.26464966452149
      },
      {
        "eps": -5.3366992312063015e-05,
        "theta13": 7.068313777855919e-15,
        "theta23": 44.99999999999999,
        "theta12": 35.26499027688026
      },
      {
        "eps": -0.0001232846739442066,
        "theta13": 7.068384379115409e-15,
        "theta23": 44.99999999999999,
        "theta12": 35.265777146554484
      },
      {
        "eps": -0.0002848035868435802,
        "theta13": 7.068547482574456e-15,
        "theta23": 44.99999999999999,
        "theta12": 35.267594975981716
      },
      {
        "eps": -0.0006579332246575682,
        "theta13": 7.068924301500703e-15,
        "theta23": 44.99999999999999,
        "theta12": 35.271794709472
      },
      {
        "eps": -0.0015199110829529332,
        "theta13": 7.069794955721683e-15,
        "theta23": 44.99999999999999,
        "theta12": 35.28149830166804
      },
      {
        "eps": -0.003511191734215131,
        "theta13": 7.0718071001400486e-15,
        "theta23": 44.99999999999999,
        "theta12": 35.30392372715435
      },
      {
        "eps": -0.008111308307896872,
        "theta13": 7.076459796783502e-15,
        "theta23": 44.99999999999999,
        "theta12": 35.35577661713456
      },
      {
        "eps": -0.01873817422860384,