{
  "study_A_theta13": {
    "amplifying_point": {
      "chi": 1.2,
      "delta": 0.1
    },
    "curve_g_theta13": [
      [
        0.0,
        1.2014099922305779e-11
      ],
      [
        0.1,
        0.957118754035626
      ],
      [
        0.2,
        1.910945601058194
      ],
      [
        0.30000000000000004,
        2.858255054065927
      ],
      [
        0.4,
        3.7959511751573585
      ],
      [
        0.5,
        4.721124421918112
      ],
      [
        0.6000000000000001,
        5.631099774558007
      ],
      [
        0.7000000000000001,
        6.523474442040379
      ],
      [
        0.8,
        7.396144263411267
      ],
      [
        0.9,
        8.247318725561808
      ],
      [
        1.0,
        9.07552522683731
      ],
      [
        1.1,
        9.87960377113623
      ],
      [
        1.2000000000000002,
        10.658693649392873
      ],
      [
        1.3,
        11.412213854971373
      ],
      [
        1.4000000000000001,
        12.139839005924921
      ],
      [
        1.5,
        12.841472444677356
      ],
      [
        1.6,
        13.517217993369533
      ],
      [
        1.7000000000000002,
        14.16735159941615
      ],
      [
        1.8,
        14.792293843055038
      ],
      [
        1.9000000000000001,
        15.392584022832624
      ],
      [
        2.0,
        15.968856302306339
      ]
    ],
    "low_coupling_slope_deg_per_g": 9.448408235972401,
    "g_chiral_for_8p56": 0.9374227279184749,
    "angles_at_8p56": {
      "theta12": 35.72206100379544,
      "theta23": 44.99999998910816,
      "theta13": 8.560014451260198,
      "delta_CP": -89.99999879258174,
      "sin_delta_CP": -0.9999999999999998,
      "J": -0.03449528626009092,
      "eigenvalues": [
        1783.499900671454,
        1785.0073622480356,
        2640.8195183691114
      ],
      "min_gap": 1.5074615765815906,
      "alpha_star": 1.1088195455491625
    },
    "natural": true,
    "note": "theta13 smooth + near-linear in g_chiral (mass gap stable ~1.5, NO resonance); 8.56 at O(1) g"
  },
  "study_B_delta_CP_sign": {
    "scan": [
      {
        "sign_chi": 1,
        "sign_g": 1,
        "delta_CP": -90.0,
        "theta13": 0.4471415690303153,
        "J": -0.0018393388039799642
      },
      {
        "sign_chi": 1,
        "sign_g": -1,
        "delta_CP": 90.0,
        "theta13": 0.4471415690303153,
        "J": 0.0018393388039799642
      },
      {
        "sign_chi": -1,
        "sign_g": 1,
        "delta_CP": -89.9999982924527,
        "theta13": 0.4471095039200424,
        "J": -0.0018392069171790375
      },
      {
        "sign_chi": -1,
        "sign_g": -1,
        "delta_CP": 89.9999982924527,
        "theta13": 0.4471095039200424,
        "J": 0.0018392069171790375
      }
    ],
    "rule_sign_eq_minus_sign_g": true,
    "chi_sign_irrelevant": true,
    "handedness_for_minus90_270": {
      "sign_chi": 1,
      "sign_g": 1,
      "delta_CP": -90.0,
      "theta13": 0.4471415690303153,
      "J": -0.0018393388039799642
    }
  },
  "conclusion": "theta13 is a continuous, smooth (near-linear) chiral effect reaching 8.56 at O(1) g_chiral (natural, no resonance); delta_CP sign = -sign(g_chiral) = the loop handedness, so a definite chirality (g_chiral>0) predicts the data-preferred delta_CP = -90 (270 deg)."
}