{
  "test": "is the magic-crossing tilt alpha* an extremum of the loop energy? (theta_12 prediction-vs-fit)",
  "alpha_star_rad": 0.819341494564848,
  "alpha_star_deg": 46.944809618506866,
  "angles_at_alpha_star": {
    "theta12": 35.264389682999884,
    "theta23": 44.999999999999964,
    "theta13": 6.27152572818608e-14
  },
  "tbm_err_at_alpha_star": 2.452296143928834e-10,
  "alpha_scan_deg": [
    8.594366926962348,
    10.026761414789405,
    11.459155902616466,
    12.891550390443523,
    14.32394487827058,
    15.75633936609764,
    17.1887338539247,
    18.621128341751756,
    20.05352282957881,
    21.48591731740587,
    22.918311805232932,
    24.35070629305999,
    25.78310078088705,
    27.2154952687141,
    28.64788975654116,
    30.080284244368222,
    31.51267873219528,
    32.94507322002234,
    34.37746770784939,
    35.80986219567645,
    37.24225668350351,
    38.674651171330574,
    40.10704565915763,
    41.53944014698469,
    42.97183463481175,
    44.4042291226388,
    45.836623610465864,
    47.26901809829292,
    48.70141258611998,
    50.13380707394704,
    51.56620156177409,
    52.998596049601154,
    54.43099053742821,
    55.86338502525527,
    57.29577951308232,
    58.72817400090938,
    60.160568488736445,
    61.59296297656349,
    63.02535746439056,
    64.45775195221762,
    65.89014644004466,
    67.32254092787173,
    68.75493541569878,
    70.18732990352584,
    71.6197243913529,
    73.05211887917996,
    74.48451336700703,
    75.91690785483408,
    77.34930234266115,
    78.78169683048819,
    80.21409131831524,
    81.64648580614231,
    83.07888029396936
  ],
  "E_self": [
    -163433.3617308301,
    -163398.78395918728,
    -163392.09628349775,
    -163390.41356829175,
    -163379.68500900152,
    -163356.54377794958,
    -163351.15794860866,
    -163343.88314052107,
    -163344.33583301457,
    -163345.07624016824,
    -163340.4526285816,
    -163328.31092452013,
    -163328.76989230898,
    -163331.29435055095,
    -163325.02780256484,
    -163299.75420442218,
    -163307.53492218294,
    -163312.57657919417,
    -163299.7584706355,
    -163311.12835832319,
    -163309.62413731776,
    -163294.69932696485,
    -163287.06241843154,
    -163299.11166118333,
    -163297.33294902754,
    -163299.0202356181,
    -163303.7268907099,
    -163292.4631778614,
    -163284.59115417325,
    -163288.11219813526,
    -163295.82179196528,
    -163291.0552627405,
    -163293.8929067325,
    -163291.75779449695,
    -163279.88611924072,
    -163281.1376171222,
    -163297.9150426074,
    -163305.7916089514,
    -163306.67009871715,
    -163307.70772784925,
    -163304.04904663138,
    -163312.80899922084,
    -163326.25381808664,
    -163324.40577783406,
    -163312.58607549564,
    -163307.49657319306,
    -163312.7957221305,
    -163315.83929869308,
    -163316.84134350996,
    -163313.49079075616,
    -163315.91569171962,
    -163340.9731170623,
    -163348.35755725947
  ],
  "trace_M": [
    6303.647784649025,
    6321.851013385925,
    6332.794645494429,
    6342.322125903107,
    6359.159934494654,
    6374.569131220809,
    6382.338746871983,
    6401.30113782176,
    6409.335208666724,
    6408.177380103105,
    6414.318439716722,
    6427.771684610916,
    6425.4041012667585,
    6430.248453399179,
    6441.448804680656,
    6452.166201163557,
    6448.9826874579685,
    6461.10585810902,
    6471.876289204722,
    6456.514428175877,
    6461.89710414034,
    6478.738420280918,
    6471.79221067266,
    6467.145246057531,
    6487.808410936259,
    6478.038181665655,
    6463.482767849075,
    6484.355354965879,
    6481.4955076652295,
    6473.2307955452525,
    6481.220819722752,
    6481.5541444800365,
    6468.516119945873,
    6471.622153815997,
    6490.2043584915245,
    6485.311734855975,
    6481.4259527836675,
    6486.827876700843,
    6475.37415902208,
    6470.194039093196,
    6469.7680620128285,
    6472.635338416878,
    6465.431929235952,
    6469.779222116767,
    6478.343220629493,
    6483.728068509401,
    6479.391885368454,
    6484.296610017222,
    6485.601183548562,
    6479.216076835577,
    6483.217866098594,
    6479.415994341816,
    6469.880106880266
  ],