{
  "config": {
    "m_J_sq": 0.5,
    "lam_bench": 1.0,
    "omega_init": 1.0,
    "lambda_init": 0.1,
    "V_norm": 0.03,
    "r_max": 12.0,
    "n_grid": 400,
    "max_nodes": 30000,
    "tol": 0.005,
    "verbose": 2
  },
  "I_target": 0.15915494309189535,
  "solve_bvp": {
    "status": 1,
    "message": "The maximum number of mesh nodes is exceeded.",
    "n_grid_final": 15686
  },
  "diag": {
    "omega": 1.4360579876683592,
    "lambda_LM": 2.7792219928204425,
    "m_J_sq": 0.5,
    "m_eff_sq": -1.5622625439460975,
    "lam_bench": 1.0,
    "H": 1664.2694838789587,
    "Q_CS": 1.0,
    "HQ_CS": 1664.2694838789587,
    "HQ_from_grid": -230.68183072129887,
    "tail": 0.5704110883952016,
    "peak_V": 0.030000000000000002,
    "peak_A": 0.9718507708332963,
    "peak_Q": 0.05760382996458125,
    "peak_J": 0.6778358174044148,
    "nodes_V": 5,
    "nodes_A": 0,
    "nodes_Q": 5,
    "nodes_J": 0,
    "max_nodes": 5,
    "V0": 0.030000000000000002,
    "A0": -0.691459090039208,
    "Q0": -0.05760382996458125,
    "J0": -0.6778358174044148,
    "r_min": 0.05,
    "r_max": 12.0,
    "n_grid": 15686
  },
  "passed": false,
  "fail_reasons": [
    "|H/Q-1.6969| = 1662.5726 > 0.001",
    "tail = 0.5704 > 0.05",
    "max_nodes = 5 > 4"
  ],
  "elapsed_sec": 1.0017280578613281
}