{
  "config": {
    "g": 1.0625,
    "lam": 1.0,
    "omega_min": 1.0,
    "omega_max": 45.0,
    "omega_step": 0.5,
    "A0_grid": [
      0.05,
      0.1,
      0.5
    ],
    "B0_grid": [
      0.05,
      0.1,
      0.5
    ],
    "r_max": 20.0
  },
  "per_omega_best": {
    "5.00": {
      "A0": 0.05,
      "B0": 0.05,
      "omega": 5.0,
      "H": 3.2335600462773635,
      "Q": 0.6555405974272278,
      "HQ": 4.932661774065525,
      "tail": 0.004794590409238714,
      "localized": true,
      "m_MeV": 3.3448364041452083
    },
    "10.00": {
      "A0": 0.05,
      "B0": 0.05,
      "omega": 10.0,
      "H": 1.6155855397357293,
      "Q": 0.16131767325067606,
      "HQ": 10.014932072726003,
      "tail": 0.0017474834317261147,
      "localized": true,
      "m_MeV": 1.6711826129655014
    },
    "12.78": {
      "A0": 0.05,
      "B0": 0.05,
      "omega": 12.78,
      "H": 1.2612161861193367,
      "Q": 0.09933360216335045,
      "HQ": 12.696772880996635,
      "tail": 0.0012161111878444563,
      "localized": true,
      "m_MeV": 1.304618362564739
    },
    "15.00": {
      "A0": 0.05,
      "B0": 0.05,
      "omega": 15.0,
      "H": 1.0810336583463724,
      "Q": 0.07203153869677659,
      "HQ": 15.007782395112834,
      "tail": 0.0009522628141850109,
      "localized": true,
      "m_MeV": 1.1182352214878468
    },
    "20.00": {
      "A0": 0.05,
      "B0": 0.05,
      "omega": 20.0,
      "H": 0.8163236435633502,
      "Q": 0.04091031994608797,
      "HQ": 19.95397847386942,
      "tail": 0.0006293533682411923,
      "localized": true,
      "m_MeV": 0.8444157527548015
    },
    "25.00": {
      "A0": 0.05,
      "B0": 0.05,
      "omega": 25.0,
      "H": 0.6599004057027785,
      "Q": 0.026505395528190912,
      "HQ": 24.896832986359858,
      "tail": 0.0004570598259102881,
      "localized": true,
      "m_MeV": 0.6826095289759512
    },
    "30.00": {
      "A0": 0.05,
      "B0": 0.05,
      "omega": 30.0,
      "H": 0.5580333337919992,
      "Q": 0.018663305702496275,
      "HQ": 29.900026430867523,
      "tail": 0.0003454023324325043,
      "localized": true,
      "m_MeV": 0.5772369100560962
    },
    "35.00": {
      "A0": 0.05,
      "B0": 0.05,
      "omega": 35.0,
      "H": 0.48717446701514894,
      "Q": 0.013931460621346013,
      "HQ": 34.969374730794,
      "tail": 0.0002777972077912167,
      "localized": true,
      "m_MeV": 0.5039395802525124
    },
    "40.70": {
      "A0": 0.05,
      "B0": 0.05,
      "omega": 40.7,
      "H": 0.4284245401397255,
      "Q": 0.010548943750392429,
      "HQ": 40.613027263870634,
      "tail": 0.00022288853313567742,
      "localized": true,
      "m_MeV": 0.44316789475991847
    },
    "45.00": {
      "A0": 0.05,
      "B0": 0.05,
      "omega": 45.0,
      "H": 0.3958717278755691,
      "Q": 0.008787626556667259,
      "HQ": 45.048765479823146,
      "tail": 0.00019609516556364724,
      "localized": true,
      "m_MeV": 0.4094948440170361
    }
  },
  "lowest_5_modes": [
    {
      "A0": 0.05,
      "B0": 0.05,
      "omega": 45.0,
      "H": 0.3958717278755691,
      "Q": 0.008787626556667259,
      "HQ": 45.048765479823146,
      "tail": 0.00019609516556364724,
      "localized": true,
      "m_MeV": 0.4094948440170361
    },
    {
      "A0": 0.05,
      "B0": 0.05,
      "omega": 40.7,
      "H": 0.4284245401397255,
      "Q": 0.010548943750392429,
      "HQ": 40.613027263870634,
      "tail": 0.00022288853313567742,
      "localized": true,
      "m_MeV": 0.44316789475991847
    },
    {
      "A0": 0.05,
      "B0": 0.05,
      "omega": 35.0,
      "H": 0.48717446701514894,
      "Q": 0.013931460621346013,
      "HQ": 34.969374730794,
      "tail": 0.0002777972077912167,
      "localized": true,
      "m_MeV": 0.5039395802525124
    },
    {
      "A0": 0.05,
      "B0": 0.05,
      "omega": 30.0,
      "H": 0.5580333337919992,
      "Q": 0.018663305702496275,
      "HQ": 29.900026430867523,
      "tail": 0.0003454023324325043,
      "localized": true,
      "m_MeV": 0.5772369100560962
    },
    {
      "A0": 0.05,
      "B0": 0.05,
      "omega": 25.0,
      "H": 0.6599004057027785,
      "Q": 0.026505395528190912,
      "HQ": 24.896832986359858,
      "tail": 0.0004570598259102881,
      "localized": true,
      "m_MeV": 0.6826095289759512
    }
  ],
  "lepton_targets": [
    {
      "particle": "electron",
      "omega_target": 1.0,
      "omega_found": 5.0,
      "m_found": 3.3448364041452083,
      "m_target": 0.511,
      "gap_pct": 554.5668109873205
    },
    {
      "particle": "muon",
      "omega_target": 12.78,
      "omega_found": 12.78,
      "m_found": 1.304618362564739,
      "m_target": 105.66,
      "gap_pct": 98.76526749709943
    },
    {
      "particle": "pion+",
      "omega_target": 15.0,
      "omega_found": 15.0,
      "m_found": 1.1182352214878468,
      "m_target": 139.57,
      "gap_pct": 99.19879972666917
    },
    {
      "particle": "tau (est.)",
      "omega_target": 40.7,
      "omega_found": 40.7,
      "m_found": 0.44316789475991847,
      "m_target": 1776.86,
      "gap_pct": 99.97505893009242
    }
  ]
}