{
  "m_J_sq_grid": [
    0.5,
    1.0,
    1.5,
    2.0,
    2.5,
    3.0,
    3.5,
    4.0,
    4.5,
    5.0,
    5.5,
    6.0,
    6.5,
    7.0,
    7.5,
    8.0
  ],
  "lam_grid": [
    0.1,
    0.76,
    1.4200000000000002,
    2.08,
    2.74,
    3.4000000000000004,
    4.06,
    4.72,
    5.38,
    6.04,
    6.7,
    7.36,
    8.02,
    8.68,
    9.34,
    10.0
  ],
  "R_grid": [
    [
      5.118657457420929,
      4.397433664277464,
      4.128201501226176,
      3.956670388018512,
      3.8300363049945427,
      3.729436242380873,
      3.645894805326962,
      3.5744194472977746,
      3.511940405988804,
      3.456432776449719,
      3.4064892992548628,
      3.3610916572924046,
      3.319478852978373,
      3.2810670201919616,
      3.2453982691374286,
      3.2121067861583823
    ],
    [
      6.43852416159938,
      6.43852416159938,
      6.43852416159938,
      6.43852416159938,
      6.43852416159938,
      6.43852416159938,
      6.43852416159938,
      6.43852416159938,
      6.43852416159938,
      6.43852416159938,
      6.43852416159938,
      6.43852416159938,
      6.43852416159938,
      6.43852416159938,
      6.43852416159938,
      6.43852416159938
    ],
    [
      5.118657457420929,
      4.397433664277464,
      4.128201501226176,
      3.956670388018512,
      3.8300363049945427,
      3.729436242380873,
      3.645894805326962,
      3.5744194472977746,
      3.511940405988804,
      3.456432776449719,
      3.4064892992548628,
      3.3610916572924046,
      3.319478852978373,
      3.2810670201919616,
      3.2453982691374286,
      3.2121067861583823
    ],
    [
      4.543966326579068,
      3.9235108235665073,
      3.687254019827555,
      3.5360953603824936,
      3.424274377182673,
      3.335334376432642,
      3.2614164479442724,
      3.1981387012547526,
      3.1428022624300747,
      3.0936245741526096,
      3.049365540870568,
      3.009127063168171,
      2.9722375221979447,
      2.9381813269417987,
      2.9065539302564245,
      2.8770319949258405
    ],
    [
      4.108212179325522,
      3.574680556275481,
      3.3668363175038345,
      3.2331436202661736,
      3.133958425616929,
      3.054917206211104,
      2.98913263529319,
      2.9327541351941577,
      2.8834053678018723,
      2.8395143884847154,
      2.799986257395051,
      2.7640271768397664,
      2.7310429999847265,
      2.7005772594361233,
      2.6722715545339026,
      2.6458392583237815
    ],
    [
      3.767246699702836,
      3.303550813859402,
      3.1187087203895745,
      2.999152760436713,
      2.910188278174042,
      2.8391481675389185,
      2.7799329657323173,
      2.7291230525092853,
      2.6846037362066832,
      2.6449739328549127,
      2.6092564597116414,
      2.576742131121615,
      2.546899646017913,
      2.519320493915197,
      2.4936837039075113,
      2.469732420955042
    ],
    [
      3.4940240383545493,
      3.0859505835649883,
      2.919624470424294,
      2.8114640655466974,
      2.7307449884254793,
      2.666163433788598,
      2.6122535912847558,
      2.5659426083247325,
      2.5253264021524235,
      2.489141460538476,
      2.4565054442338736,
      2.4267773304144264,
      2.3994764570439417,
      2.3742329663753545,
      2.35075606050863,
      2.3288128907250343
    ],
    [
      3.2701758555393945,
      2.9068432189285853,
      2.755590902205363,
      2.6567252705578586,
      2.5827395027751465,
      2.5234370052684145,
      2.4738670730868284,
      2.431238901935411,
      2.393819789892161,
      2.3604582091544075,
      2.3303490474795874,
      2.302906801748894,
      2.2776920682734954,
      2.25436648882376,
      2.232663861818105,
      2.212370912874056
    ],
    [
      3.083133980795918,
      2.7563268259040252,
      2.6175376192030617,
      2.5263725530191157,
      2.457972064268902,
      2.403052755280896,
      2.3570891994956304,
      2.317523610403261,
      2.282764929252247,
      2.251754217356567,
      2.2237502331290684,
      2.1982134036530216,
      2.174738466635367,
      2.1530131366070826,
      2.1327915739543504,
      2.113876712959321
    ],
    [
      2.9241703255287357,
      2.6276397455962006,
      2.499316091951945,
      2.414630441510108,
      2.3509350131006324,
      2.299711420254062,
      2.2567909174871597,
      2.2198112722172674,
      2.187300351924771,
      2.158276984710538,
      2.132053588934897,
      2.1081291890290084,
      2.086127219827737,
      2.065757314403998,
      2.046790757851641,
      2.0290441155800485
    ],
    [
      2.787095532922329,
      2.5160197618394946,
      2.3966099459443844,
      2.3174539559619864,
      2.2577782773574606,
      2.209714658344197,
      2.1693978392256406,
      2.1346320910938736,
      2.104046587341608,
      2.0767264221369923,
      2.0520297506828435,
      2.029488504735877,
      2.008750587584498,
      1.989544328140272,
      1.9716556169210588,
      1.954912650187351
    ],
    [
      2.6674208445789276,
      2.4180195503846176,
      2.306298224657391,
      2.231920995994666,
      2.1757227130402423,
      2.1303947033256865,
      2.092333255696089,
      2.0594862412583685,
      2.0305702443310443,
      2.0047275524088093,
      1.981355810038115,
      1.960015362350343,
      1.940375247971944,
      1.9221799444517116,
      1.9052279609933351,
      1.8893575436341619
    ],
    [
      2.5618192830351756,
      2.3310821300341718,
      2.2260661802702195,
      2.155864579148269,
      2.1027076728162846,
      2.059773834690143,
      2.0236873065818384,
      1.9925212050746437,
      1.9650683873575483,
      1.940521067932579,
      1.9183113674481032,
      1.898024445696195,
      1.8793478009351023,
      1.8620400172493785,
      1.8459106292440832,
      1.830806663776446
    ],
    [
      2.467774807986039,
      2.253269644367699,
      2.154158640354576,
      2.0876410910088734,
      2.0371699093199167,
      1.9963515426765481,
      1.9620108624378738,
      1.932331303982878,
      1.9061729406885024,
      1.8827719982528912,
      1.8615909975968776,
      1.8422369836998416,
      1.8244137373223779,
      1.8078922874400818,
      1.7924918957129437,
      1.7780673376736855
    ],
    [
      2.383349531372886,
      2.183085249280651,
      2.089218758991437,
      2.025979266446033,
      1.977899867443319,
      1.9389664870278922,
      1.906182105034823,
      1.8778281680228077,
      1.8528244982438058,
      1.8304464564362306,
      1.8101836014126893,
      1.791662446908934,
      1.7746012610281683,
      1.7587821468799032,
      1.7440330227739433,
      1.7302155604253948
    ],
    [
      2.307026104994851,
      2.1193531129321763,
      2.0301796354260477,
      1.9698788610330162,
      1.9239454088751398,
      1.886704145835865,
      1.8553173674048382,
      1.8281542637591413,
      1.804188171248847,
      1.7827295152687541,
      1.7632920874892415,
      1.7455198531850808,
      1.7291440685393198,
      1.7139567660623911,
      1.6997936267851146,
      1.6865225070322098
    ]
  ],
  "best": {
    "m_J_sq": 1.0,
    "lam_bench": 0.1,
    "r_blowup": 6.43852416159938
  }
}